Rating color,Aggregate rating
Dark Green,4.659800664451827
Green,4.168118628359592
Orange,3.0516189456783516
Red,2.2978494623655914
White,0.0
Yellow,3.6834285714285713
